timestamp,level,page_id
2019-02-04T13:22:34,1,6ukoNykP
2019-02-06T15:30:54,1,Q62R1Ue7
2019-02-08T14:53:45,1,GmfSxgPs
2019-02-10T16:50:22,2,M56OK96C
2019-02-12T14:16:28,1,q2fqVqPc
2019-02-14T15:10:45,1,LioXfSPk
2019-02-16T14:52:23,3,bQXWpQ2z
2019-02-18T15:45:33,2,gsFVGOTy
2019-02-20T16:35:12,3,zVuiSTm1
2019-02-22T15:52:27,1,kuULtbnm
2019-02-24T12:39:30,2,MKDhBt9L
2019-02-26T12:45:10,3,FEgRztcr
2019-03-04T15:34:46,4,OUBWQSCl
2019-03-06T14:20:57,5,6YeTUHgm
2019-03-08T12:34:43,6,zlrBrZ0d
2019-03-10T13:12:57,7,Vih5ARKA
2019-03-12T15:33:28,3,Y3wTtqaJ
2019-03-14T12:46:19,4,g4si3TQ8
2019-03-16T16:18:34,5,zPH6tQwc
2019-03-18T16:47:36,6,057NPKXX
2019-03-20T15:53:36,7,VkTjZ6co
2019-03-22T16:36:19,8,s24ZIat3
2019-03-24T13:49:22,9,WklxK6k4
2019-03-26T15:50:31,5,p4Ofo5uP
2019-03-28T15:28:17,6,aQdvnaZX
2019-04-01T13:43:49,5,7UCXvXJu
2019-04-03T15:12:15,2,NJ1D9dAt
2019-04-05T14:51:38,7,7JKRCdPA
2019-04-07T16:29:58,6,bsORIc79
2019-04-09T14:57:20,7,SfnhoGh6
2019-04-11T13:39:15,8,9mL07Mjl
2019-04-13T12:13:26,7,ILfc3WmK
2019-04-15T12:28:54,5,sCKAcOTN
2019-04-17T16:54:17,6,JjIZd3Jy
2019-04-19T15:43:24,7,MSHZViNg
2019-04-21T14:40:17,8,JvTMAbs7
2019-04-23T13:17:19,5,6KVLFFQF
2019-04-25T16:10:50,6,clLGJ4g3
2019-04-27T12:48:14,8,5VRryKr6
